<?xml version="1.0" encoding="UTF-8"?>
<beans
    xmlns="http://www.springframework.org/schema/beans"
    xmlns:aop="http://www.springframework.org/schema/aop"
    xmlns:context="http://www.springframework.org/schema/context"
    xmlns:tx="http://www.springframework.org/schema/tx"
    xmlns:xsi="http://www.w3.org/2001/XMLSchema-instance"
    xsi:schemaLocation="
        http://www.springframework.org/schema/beans
        http://www.springframework.org/schema/beans/spring-beans-2.5.xsd
        http://www.springframework.org/schema/context
        http://www.springframework.org/schema/context/spring-context-2.5.xsd
        http://www.springframework.org/schema/aop http://www.springframework.org/schema/aop/spring-aop-2.5.xsd
        http://www.springframework.org/schema/tx http://www.springframework.org/schema/tx/spring-tx-2.0.xsd">

    <aop:aspectj-autoproxy/>

	<context:annotation-config />

    <tx:annotation-driven transaction-manager="transactionManager"/>

    <bean id="sessionFactory" class="org.springframework.orm.hibernate3.LocalSessionFactoryBean">
        <property name="configLocation">
            <value>classpath:hibernate.cfg.xml</value>
        </property>
    </bean>

    <bean id="sessionProvider" class="com.saasovation.common.spring.SpringHibernateSessionProvider" autowire="byName" />

    <bean id="transactionManager" class="org.springframework.orm.hibernate3.HibernateTransactionManager">
        <property name="sessionFactory">
            <ref bean="sessionFactory"/>
        </property>
    </bean>

    <bean id="abstractTransactionalServiceProxy" abstract="true" class="org.springframework.transaction.interceptor.TransactionProxyFactoryBean">
        <property name="transactionManager">
            <ref bean="transactionManager"/>
        </property>
        <property name="transactionAttributes">
            <props>
                <prop key="*">PROPAGATION_REQUIRED</prop>
            </props>
        </property>
    </bean>

    <bean id="eventStore" class="com.saasovation.common.port.adapter.persistence.hibernate.HibernateEventStore" autowire="byName" />

	<bean id="eventStoreDataSource" destroy-method="close" 	class="org.apache.commons.dbcp.BasicDataSource">
	    <property name="driverClassName" value="com.mysql.jdbc.Driver" />
	    <property name="url" value="jdbc:mysql://localhost:3306/iddd_common_test" />
	    <property name="username" value="root" />
	    <property name="password" value="root" />
	    <property name="initialSize" value="3" />
	    <property name="defaultAutoCommit" value="false" />
	</bean>

	<bean id="mysqlJdbcEventStore" class="com.saasovation.common.port.adapter.persistence.eventsourcing.mysql.MySQLJDBCEventStore" autowire="byName">
		<constructor-arg ref="eventStoreDataSource" />
	</bean>

    <bean id="publishedNotificationTrackerStore" class="com.saasovation.common.port.adapter.persistence.hibernate.HibernatePublishedNotificationTrackerStore" autowire="byName" />

    <bean id="timeConstrainedProcessTrackerRepository" class="com.saasovation.common.port.adapter.persistence.hibernate.HibernateTimeConstrainedProcessTrackerRepository" autowire="byName" />

    <bean id="testableTimeConstrainedProcessRepository" class="com.saasovation.common.domain.model.process.TestableTimeConstrainedProcessRepository" autowire="byName" />
</beans>
